[{"fields": {"username": "adminexpress", "first_name": "", "last_name": "", "is_active": true, "is_superuser": true, "is_staff": true, "last_login": "2017-11-09T20:01:36.920Z", "groups": [], "user_permissions": [], "password": "pbkdf2_sha256$20000$zcgV6oDw1aNM$9Quo4xlKGoq8duVXcRlXdUerN7cAbQ1JpX3R6vTtkIU=", "email": "vpadillar@gmail.com", "date_joined": "2017-03-11T00:52:45.916Z"}, "model": "auth.user", "pk": 1}, {"fields": {"username": "admExpress", "first_name": "Virgilio", "last_name": "Padilla", "is_active": true, "is_superuser": false, "is_staff": false, "last_login": "2017-11-09T17:35:00.640Z", "groups": [], "user_permissions": [], "password": "pbkdf2_sha256$20000$aOGkej3ab6ir$aOwvbFtrJ51kQGmmrLB8QM/iXezQQotfFV48M/kJZYc=", "email": "vpadillar8@gmail.com", "date_joined": "2017-03-22T22:26:41.408Z"}, "model": "auth.user", "pk": 2}, {"fields": {"username": "wilmerj", "first_name": "wilmer jose ", "last_name": "merlano peralta", "is_active": false, "is_superuser": false, "is_staff": false, "last_login": "2017-05-03T16:21:45.147Z", "groups": [], "user_permissions": [], "password": "pbkdf2_sha256$20000$Hs0i0Y1ThqZL$Rtq22gorbbx3mvm2OD2Uf+Js+21Lw4+265PHicq1tbo=", "email": "wl@gmail.com", "date_joined": "2017-03-22T22:53:35.384Z"}, "model": "auth.user", "pk": 3}, {"fields": {"username": "manuel", "first_name": "manuel antonio ", "last_name": "santiago gonzales", "is_active": true, "is_superuser": false, "is_staff": false, "last_login": "2017-05-03T22:08:57.087Z", "groups": [], "user_permissions": [], "password": "pbkdf2_sha256$20000$c7E3YiwhphbS$Upp2Aui9hrTDpqlM71K5L+vSA5H1kXxnI8rfHxiNUXY=", "email": "manuel@gmail.com", "date_joined": "2017-03-22T23:08:29.868Z"}, "model": "auth.user", "pk": 4}, {"fields": {"username": "alistador", "first_name": "alistador", "last_name": "alistador", "is_active": true, "is_superuser": false, "is_staff": false, "last_login": null, "groups": [], "user_permissions": [], "password": "pbkdf2_sha256$20000$iUlTvTrDZijK$QrhQzrbQv9zZCAsAZWZqFCda7I5KYFPDQy9eJl8CiCI=", "email": "alistador@gmail.com", "date_joined": "2017-03-24T15:57:32.814Z"}, "model": "auth.user", "pk": 5}, {"fields": {"username": "supervisor", "first_name": "supervisor", "last_name": "supervisor", "is_active": true, "is_superuser": false, "is_staff": false, "last_login": null, "groups": [], "user_permissions": [], "password": "pbkdf2_sha256$20000$NYwaplYAUa9M$DkThmMOWV9QNT5nsZdRxCkmZZ8cOEt+dr6IKUBziCW4=", "email": "supervisor@gmail.com", "date_joined": "2017-03-24T15:58:50.258Z"}, "model": "auth.user", "pk": 6}, {"fields": {"username": "vpadillar", "first_name": "Virgilio", "last_name": "Padilla", "is_active": true, "is_superuser": false, "is_staff": false, "last_login": null, "groups": [], "user_permissions": [], "password": "pbkdf2_sha256$20000$IOd0h2OziicR$mnamTr6bv1+OnfUUSGMehbkgCVImiOBajmjjfxHMdZY=", "email": "vpadillar8@gmail.com", "date_joined": "2017-05-04T23:07:25.016Z"}, "model": "auth.user", "pk": 7}, {"fields": {"username": "vpadillar2", "first_name": "Virgilio", "last_name": "Padilla", "is_active": true, "is_superuser": false, "is_staff": false, "last_login": "2017-11-09T19:58:49.297Z", "groups": [], "user_permissions": [], "password": "pbkdf2_sha256$20000$wBb0DYyKqSBG$ln7JER0WZhxC7Wo/SLJrm5eM/pT7+KUeXP5AleHyaLo=", "email": "vpadillar8@gmail.com", "date_joined": "2017-05-04T23:10:37.750Z"}, "model": "auth.user", "pk": 8}, {"fields": {"expire_date": "2017-05-24T02:14:43.672Z", "session_data": "MTRiNmFhNDExYTliMDIwMzBkNDM2MDkwYzdiM2E4ZTRiMDJiN2U0NDp7Il9hdXRoX3VzZXJfaGFzaCI6ImQ5OGU3ZTUxOWMyNTU2ZDRlZjI5ZjM3YjI2NDVhMzUxOGJhN2JlMGEiLCJfYXV0aF91c2VyX2JhY2tlbmQiOiJkamFuZ28uY29udHJpYi5hdXRoLmJhY2tlbmRzLk1vZGVsQmFja2VuZCIsIl9hdXRoX3VzZXJfaWQiOiI4In0="}, "model": "sessions.session", "pk": "00p7bf00b2oj2uwxngxz0qajgezs5d0o"}, {"fields": {"expire_date": "2017-11-23T19:30:19.698Z", "session_data": "MTRiNmFhNDExYTliMDIwMzBkNDM2MDkwYzdiM2E4ZTRiMDJiN2U0NDp7Il9hdXRoX3VzZXJfaGFzaCI6ImQ5OGU3ZTUxOWMyNTU2ZDRlZjI5ZjM3YjI2NDVhMzUxOGJhN2JlMGEiLCJfYXV0aF91c2VyX2JhY2tlbmQiOiJkamFuZ28uY29udHJpYi5hdXRoLmJhY2tlbmRzLk1vZGVsQmFja2VuZCIsIl9hdXRoX3VzZXJfaWQiOiI4In0="}, "model": "sessions.session", "pk": "175y0kli8ev2o3dnp5er6elez59wqs3c"}, {"fields": {"expire_date": "2017-05-18T23:25:37.525Z", "session_data": "OGExMDE4OWM3Y2I0NzE4NjZmYTJmN2ViMjBhYTc5OTZhNDQwZTM2Yjp7Il9hdXRoX3VzZXJfaGFzaCI6ImNiYTRlYjlkMDM0YzEyNDI3NjNlYmY2NmFiNGFiNTg0NTJhMDFlY2MiLCJfYXV0aF91c2VyX2JhY2tlbmQiOiJkamFuZ28uY29udHJpYi5hdXRoLmJhY2tlbmRzLk1vZGVsQmFja2VuZCIsIl9hdXRoX3VzZXJfaWQiOiIxIn0="}, "model": "sessions.session", "pk": "1gxsv64jymbmwhab6b75hpzvlhzsr0e7"}, {"fields": {"expire_date": "2017-05-24T02:05:11.410Z", "session_data": "OGExMDE4OWM3Y2I0NzE4NjZmYTJmN2ViMjBhYTc5OTZhNDQwZTM2Yjp7Il9hdXRoX3VzZXJfaGFzaCI6ImNiYTRlYjlkMDM0YzEyNDI3NjNlYmY2NmFiNGFiNTg0NTJhMDFlY2MiLCJfYXV0aF91c2VyX2JhY2tlbmQiOiJkamFuZ28uY29udHJpYi5hdXRoLmJhY2tlbmRzLk1vZGVsQmFja2VuZCIsIl9hdXRoX3VzZXJfaWQiOiIxIn0="}, "model": "sessions.session", "pk": "1t0v3wd87inau3jluko6pfrzevofa0la"}, {"fields": {"expire_date": "2017-11-23T15:10:31.535Z", "session_data": "ZTYzZjQ5NGIyYjYxOGU4MThjYmYwODYyYzJiMGQxMTVkMDE3ZmRhNzp7ImNhcmdvIjoiQURNSU5JU1RSQURPUiIsImVtcHJlc2EiOiJPbGltcGljYSIsIl9hdXRoX3VzZXJfaGFzaCI6ImM1ZjQwYjM2YjYyYWE0NDY1OTcwMjFmOTBjYTEwMjIzNDMyNTU5MzUiLCJfYXV0aF91c2VyX2JhY2tlbmQiOiJkamFuZ28uY29udHJpYi5hdXRoLmJhY2tlbmRzLk1vZGVsQmFja2VuZCIsIl9hdXRoX3VzZXJfaWQiOiIyIn0="}, "model": "sessions.session", "pk": "1w9jyovjxwan223fncw9a44i5s47wfwa"}, {"fields": {"expire_date": "2017-05-17T22:08:26.179Z", "session_data": "YzUzNDZmZjUwOTY4OTc5MWI0MDczODAxZTE2YjU3NmJhYjYxMzEzNTp7Il9hdXRoX3VzZXJfaGFzaCI6ImY0OGU0YWIxZjQ0NjM5YTYwZjVjYzBmNTY1NWJhZmExZDdhNjE4YTMiLCJfYXV0aF91c2VyX2JhY2tlbmQiOiJkamFuZ28uY29udHJpYi5hdXRoLmJhY2tlbmRzLk1vZGVsQmFja2VuZCIsIl9hdXRoX3VzZXJfaWQiOiI0In0="}, "model": "sessions.session", "pk": "2i64v1zwb00rw60apgu4vurzn58wiu27"}, {"fields": {"expire_date": "2017-05-18T23:30:44.048Z", "session_data": "MTRiNmFhNDExYTliMDIwMzBkNDM2MDkwYzdiM2E4ZTRiMDJiN2U0NDp7Il9hdXRoX3VzZXJfaGFzaCI6ImQ5OGU3ZTUxOWMyNTU2ZDRlZjI5ZjM3YjI2NDVhMzUxOGJhN2JlMGEiLCJfYXV0aF91c2VyX2JhY2tlbmQiOiJkamFuZ28uY29udHJpYi5hdXRoLmJhY2tlbmRzLk1vZGVsQmFja2VuZCIsIl9hdXRoX3VzZXJfaWQiOiI4In0="}, "model": "sessions.session", "pk": "30vrcanvualqon8xluel2la1n6kt0qa3"}, {"fields": {"expire_date": "2017-05-18T23:31:06.425Z", "session_data": "MTRiNmFhNDExYTliMDIwMzBkNDM2MDkwYzdiM2E4ZTRiMDJiN2U0NDp7Il9hdXRoX3VzZXJfaGFzaCI6ImQ5OGU3ZTUxOWMyNTU2ZDRlZjI5ZjM3YjI2NDVhMzUxOGJhN2JlMGEiLCJfYXV0aF91c2VyX2JhY2tlbmQiOiJkamFuZ28uY29udHJpYi5hdXRoLmJhY2tlbmRzLk1vZGVsQmFja2VuZCIsIl9hdXRoX3VzZXJfaWQiOiI4In0="}, "model": "sessions.session", "pk": "36jgqidwm1tzrvmgy8lpxx2utxrl8c91"}, {"fields": {"expire_date": "2017-05-11T21:32:26.240Z", "session_data": "MjI5NjQ2ZTc4ZDM3MjM2NTJmY2ZmNzAwMDMxMTk3N2IyN2Y2Nzc0ZTp7Il9hdXRoX3VzZXJfaGFzaCI6IjIwNGM0OTk5MjA4NDE0Y2Q1OTUxZTQ2NzlmMjM0YjA3YzA3MDcwYWQiLCJfYXV0aF91c2VyX2JhY2tlbmQiOiJkamFuZ28uY29udHJpYi5hdXRoLmJhY2tlbmRzLk1vZGVsQmFja2VuZCIsIl9hdXRoX3VzZXJfaWQiOiIzIn0="}, "model": "sessions.session", "pk": "3ad6jqtdfaodumkhg8xiutg9cgesqf21"}, {"fields": {"expire_date": "2017-05-11T21:35:14.693Z", "session_data": "ZDc0MmQ5OWVkZGJjODk1MDI1Yzk2MWI4YzU0YTNhMWNhMzA4OGQ5NTp7ImNhcmdvIjoiQURNSU5JU1RSQURPUiIsImVtcHJlc2EiOiJPbGltcGljYSIsIl9hdXRoX3VzZXJfaGFzaCI6IjY4MzU2MGViNmVhNDk1NDE4NDM3M2FmYmRmNTQ4NTNkNDQ3YzM1ZDgiLCJfYXV0aF91c2VyX2JhY2tlbmQiOiJkamFuZ28uY29udHJpYi5hdXRoLmJhY2tlbmRzLk1vZGVsQmFja2VuZCIsIl9hdXRoX3VzZXJfaWQiOiIyIn0="}, "model": "sessions.session", "pk": "3gs4li4dp30vsotdj08e62nwp5ykljkz"}, {"fields": {"expire_date": "2017-05-11T21:31:03.600Z", "session_data": "MjI5NjQ2ZTc4ZDM3MjM2NTJmY2ZmNzAwMDMxMTk3N2IyN2Y2Nzc0ZTp7Il9hdXRoX3VzZXJfaGFzaCI6IjIwNGM0OTk5MjA4NDE0Y2Q1OTUxZTQ2NzlmMjM0YjA3YzA3MDcwYWQiLCJfYXV0aF91c2VyX2JhY2tlbmQiOiJkamFuZ28uY29udHJpYi5hdXRoLmJhY2tlbmRzLk1vZGVsQmFja2VuZCIsIl9hdXRoX3VzZXJfaWQiOiIzIn0="}, "model": "sessions.session", "pk": "4710dvz0qwmqcbullm8h1dte8c4dnp1f"}, {"fields": {"expire_date": "2017-05-11T21:32:17.851Z", "session_data": "MjI5NjQ2ZTc4ZDM3MjM2NTJmY2ZmNzAwMDMxMTk3N2IyN2Y2Nzc0ZTp7Il9hdXRoX3VzZXJfaGFzaCI6IjIwNGM0OTk5MjA4NDE0Y2Q1OTUxZTQ2NzlmMjM0YjA3YzA3MDcwYWQiLCJfYXV0aF91c2VyX2JhY2tlbmQiOiJkamFuZ28uY29udHJpYi5hdXRoLmJhY2tlbmRzLk1vZGVsQmFja2VuZCIsIl9hdXRoX3VzZXJfaWQiOiIzIn0="}, "model": "sessions.session", "pk": "4jodjidj7t3utok590ikmxmv2u07s1kk"}, {"fields": {"expire_date": "2017-09-13T15:40:56.101Z", "session_data": "M2ZlY2NkMzY2OGFiYzNiOGFiN2NkMmRhZWQ5NDIyZWUzZDU0NDExODp7fQ=="}, "model": "sessions.session", "pk": "4lvfqytsi70quuygx3vgyhurqmozt78w"}, {"fields": {"expire_date": "2017-05-17T22:08:57.094Z", "session_data": "YzUzNDZmZjUwOTY4OTc5MWI0MDczODAxZTE2YjU3NmJhYjYxMzEzNTp7Il9hdXRoX3VzZXJfaGFzaCI6ImY0OGU0YWIxZjQ0NjM5YTYwZjVjYzBmNTY1NWJhZmExZDdhNjE4YTMiLCJfYXV0aF91c2VyX2JhY2tlbmQiOiJkamFuZ28uY29udHJpYi5hdXRoLmJhY2tlbmRzLk1vZGVsQmFja2VuZCIsIl9hdXRoX3VzZXJfaWQiOiI0In0="}, "model": "sessions.session", "pk": "4xwuug2ei3o2gl6asqe1uypzimtshxbl"}, {"fields": {"expire_date": "2017-05-17T16:17:31.378Z", "session_data": "MjI5NjQ2ZTc4ZDM3MjM2NTJmY2ZmNzAwMDMxMTk3N2IyN2Y2Nzc0ZTp7Il9hdXRoX3VzZXJfaGFzaCI6IjIwNGM0OTk5MjA4NDE0Y2Q1OTUxZTQ2NzlmMjM0YjA3YzA3MDcwYWQiLCJfYXV0aF91c2VyX2JhY2tlbmQiOiJkamFuZ28uY29udHJpYi5hdXRoLmJhY2tlbmRzLk1vZGVsQmFja2VuZCIsIl9hdXRoX3VzZXJfaWQiOiIzIn0="}, "model": "sessions.session", "pk": "5g868afglw7y93b48mmn27swbnrphea7"}, {"fields": {"expire_date": "2017-05-18T23:33:05.947Z", "session_data": "MTRiNmFhNDExYTliMDIwMzBkNDM2MDkwYzdiM2E4ZTRiMDJiN2U0NDp7Il9hdXRoX3VzZXJfaGFzaCI6ImQ5OGU3ZTUxOWMyNTU2ZDRlZjI5ZjM3YjI2NDVhMzUxOGJhN2JlMGEiLCJfYXV0aF91c2VyX2JhY2tlbmQiOiJkamFuZ28uY29udHJpYi5hdXRoLmJhY2tlbmRzLk1vZGVsQmFja2VuZCIsIl9hdXRoX3VzZXJfaWQiOiI4In0="}, "model": "sessions.session", "pk": "5lqzzumevn38221tfi1emq19nj8bbw3n"}, {"fields": {"expire_date": "2017-11-23T19:27:42.731Z", "session_data": "MTRiNmFhNDExYTliMDIwMzBkNDM2MDkwYzdiM2E4ZTRiMDJiN2U0NDp7Il9hdXRoX3VzZXJfaGFzaCI6ImQ5OGU3ZTUxOWMyNTU2ZDRlZjI5ZjM3YjI2NDVhMzUxOGJhN2JlMGEiLCJfYXV0aF91c2VyX2JhY2tlbmQiOiJkamFuZ28uY29udHJpYi5hdXRoLmJhY2tlbmRzLk1vZGVsQmFja2VuZCIsIl9hdXRoX3VzZXJfaWQiOiI4In0="}, "model": "sessions.session", "pk": "6iw8keg5lpfm71z3b3nzwq1s7jpyj99v"}, {"fields": {"expire_date": "2017-05-17T19:39:30.251Z", "session_data": "ZGEyMTdkMzQyMjc5NDY1YTgxNTg1ZTVjZGQwZWNjZWY3NDNiOWI5Zjp7ImNhcmdvIjoiQURNSU5JU1RSQURPUiIsImVtcHJlc2EiOiJPbGltcGljYSIsIl9hdXRoX3VzZXJfaGFzaCI6IjY4MzU2MGViNmVhNDk1NDE4NDM3M2FmYmRmNTQ4NTNkNDQ3YzM1ZDgiLCJfYXV0aF91c2VyX2lkIjoiMiIsIl9hdXRoX3VzZXJfYmFja2VuZCI6ImRqYW5nby5jb250cmliLmF1dGguYmFja2VuZHMuTW9kZWxCYWNrZW5kIn0="}, "model": "sessions.session", "pk": "6ktuhhkja2y21a9ys38vyjzj32cmhmmz"}, {"fields": {"expire_date": "2017-11-17T17:24:22.976Z", "session_data": "M2ZlY2NkMzY2OGFiYzNiOGFiN2NkMmRhZWQ5NDIyZWUzZDU0NDExODp7fQ=="}, "model": "sessions.session", "pk": "71um09mk181t5ez4colwd6gyd0xtvzfk"}, {"fields": {"expire_date": "2017-05-10T21:35:01.725Z", "session_data": "ZDc0MmQ5OWVkZGJjODk1MDI1Yzk2MWI4YzU0YTNhMWNhMzA4OGQ5NTp7ImNhcmdvIjoiQURNSU5JU1RSQURPUiIsImVtcHJlc2EiOiJPbGltcGljYSIsIl9hdXRoX3VzZXJfaGFzaCI6IjY4MzU2MGViNmVhNDk1NDE4NDM3M2FmYmRmNTQ4NTNkNDQ3YzM1ZDgiLCJfYXV0aF91c2VyX2JhY2tlbmQiOiJkamFuZ28uY29udHJpYi5hdXRoLmJhY2tlbmRzLk1vZGVsQmFja2VuZCIsIl9hdXRoX3VzZXJfaWQiOiIyIn0="}, "model": "sessions.session", "pk": "72ozibkmzcdq9cpd4na0hp0yvqtmqty7"}, {"fields": {"expire_date": "2017-11-23T14:06:35.203Z", "session_data": "NWJmMDgxMTIzZWU2MTYzMzNjN2VlMmZhNjM5Yjg3MWUzOWU3MTZiNTp7Il9hdXRoX3VzZXJfaGFzaCI6ImIxOWVmNWM0ZDlmMTZlZWZhMzAxNDVjMjY3NTg4NzJlZjc3ODU2YTkiLCJfYXV0aF91c2VyX2JhY2tlbmQiOiJkamFuZ28uY29udHJpYi5hdXRoLmJhY2tlbmRzLk1vZGVsQmFja2VuZCIsIl9hdXRoX3VzZXJfaWQiOiIxIn0="}, "model": "sessions.session", "pk": "7dg56qk6oo05v6jk4uln7y94rnrqew62"}, {"fields": {"expire_date": "2017-05-17T16:19:23.345Z", "session_data": "MjI5NjQ2ZTc4ZDM3MjM2NTJmY2ZmNzAwMDMxMTk3N2IyN2Y2Nzc0ZTp7Il9hdXRoX3VzZXJfaGFzaCI6IjIwNGM0OTk5MjA4NDE0Y2Q1OTUxZTQ2NzlmMjM0YjA3YzA3MDcwYWQiLCJfYXV0aF91c2VyX2JhY2tlbmQiOiJkamFuZ28uY29udHJpYi5hdXRoLmJhY2tlbmRzLk1vZGVsQmFja2VuZCIsIl9hdXRoX3VzZXJfaWQiOiIzIn0="}, "model": "sessions.session", "pk": "7q10hvyl0rei2lcqls3ozavxg2r337an"}, {"fields": {"expire_date": "2017-05-18T23:29:14.733Z", "session_data": "MTRiNmFhNDExYTliMDIwMzBkNDM2MDkwYzdiM2E4ZTRiMDJiN2U0NDp7Il9hdXRoX3VzZXJfaGFzaCI6ImQ5OGU3ZTUxOWMyNTU2ZDRlZjI5ZjM3YjI2NDVhMzUxOGJhN2JlMGEiLCJfYXV0aF91c2VyX2JhY2tlbmQiOiJkamFuZ28uY29udHJpYi5hdXRoLmJhY2tlbmRzLk1vZGVsQmFja2VuZCIsIl9hdXRoX3VzZXJfaWQiOiI4In0="}, "model": "sessions.session", "pk": "8jk4rkvg4p6zgz6ew1c3k563880m28ox"}, {"fields": {"expire_date": "2017-05-18T23:15:45.760Z", "session_data": "MTRiNmFhNDExYTliMDIwMzBkNDM2MDkwYzdiM2E4ZTRiMDJiN2U0NDp7Il9hdXRoX3VzZXJfaGFzaCI6ImQ5OGU3ZTUxOWMyNTU2ZDRlZjI5ZjM3YjI2NDVhMzUxOGJhN2JlMGEiLCJfYXV0aF91c2VyX2JhY2tlbmQiOiJkamFuZ28uY29udHJpYi5hdXRoLmJhY2tlbmRzLk1vZGVsQmFja2VuZCIsIl9hdXRoX3VzZXJfaWQiOiI4In0="}, "model": "sessions.session", "pk": "8x6jfc5tss9v9l17efszcaa3l32bgtsv"}, {"fields": {"expire_date": "2017-11-18T17:00:00.140Z", "session_data": "M2ZlY2NkMzY2OGFiYzNiOGFiN2NkMmRhZWQ5NDIyZWUzZDU0NDExODp7fQ=="}, "model": "sessions.session", "pk": "9bos9j7294i4tjjhfh6zfoasu2w8e7xe"}, {"fields": {"expire_date": "2017-05-19T00:03:54.758Z", "session_data": "MTRiNmFhNDExYTliMDIwMzBkNDM2MDkwYzdiM2E4ZTRiMDJiN2U0NDp7Il9hdXRoX3VzZXJfaGFzaCI6ImQ5OGU3ZTUxOWMyNTU2ZDRlZjI5ZjM3YjI2NDVhMzUxOGJhN2JlMGEiLCJfYXV0aF91c2VyX2JhY2tlbmQiOiJkamFuZ28uY29udHJpYi5hdXRoLmJhY2tlbmRzLk1vZGVsQmFja2VuZCIsIl9hdXRoX3VzZXJfaWQiOiI4In0="}, "model": "sessions.session", "pk": "9iwi41gndyczt7iz3dphqrrwpc701tkj"}, {"fields": {"expire_date": "2017-11-23T19:58:49.304Z", "session_data": "MTRiNmFhNDExYTliMDIwMzBkNDM2MDkwYzdiM2E4ZTRiMDJiN2U0NDp7Il9hdXRoX3VzZXJfaGFzaCI6ImQ5OGU3ZTUxOWMyNTU2ZDRlZjI5ZjM3YjI2NDVhMzUxOGJhN2JlMGEiLCJfYXV0aF91c2VyX2JhY2tlbmQiOiJkamFuZ28uY29udHJpYi5hdXRoLmJhY2tlbmRzLk1vZGVsQmFja2VuZCIsIl9hdXRoX3VzZXJfaWQiOiI4In0="}, "model": "sessions.session", "pk": "axi2ooegg8mhcznnbv3hgp5aty4nfrjc"}, {"fields": {"expire_date": "2017-10-20T22:29:41.697Z", "session_data": "M2ZlY2NkMzY2OGFiYzNiOGFiN2NkMmRhZWQ5NDIyZWUzZDU0NDExODp7fQ=="}, "model": "sessions.session", "pk": "axw4r74el8pfdhkpjk56dn48onyk6hfi"}, {"fields": {"expire_date": "2017-09-25T17:01:07.374Z", "session_data": "M2ZlY2NkMzY2OGFiYzNiOGFiN2NkMmRhZWQ5NDIyZWUzZDU0NDExODp7fQ=="}, "model": "sessions.session", "pk": "cmgjlj6813qfy7ulziyf60co5jlts2w2"}, {"fields": {"expire_date": "2017-04-05T23:11:54.181Z", "session_data": "ZDc0MmQ5OWVkZGJjODk1MDI1Yzk2MWI4YzU0YTNhMWNhMzA4OGQ5NTp7ImNhcmdvIjoiQURNSU5JU1RSQURPUiIsImVtcHJlc2EiOiJPbGltcGljYSIsIl9hdXRoX3VzZXJfaGFzaCI6IjY4MzU2MGViNmVhNDk1NDE4NDM3M2FmYmRmNTQ4NTNkNDQ3YzM1ZDgiLCJfYXV0aF91c2VyX2JhY2tlbmQiOiJkamFuZ28uY29udHJpYi5hdXRoLmJhY2tlbmRzLk1vZGVsQmFja2VuZCIsIl9hdXRoX3VzZXJfaWQiOiIyIn0="}, "model": "sessions.session", "pk": "ct7czidksef75e2tszw35yxataa6tpfg"}, {"fields": {"expire_date": "2017-05-18T23:30:56.478Z", "session_data": "MTRiNmFhNDExYTliMDIwMzBkNDM2MDkwYzdiM2E4ZTRiMDJiN2U0NDp7Il9hdXRoX3VzZXJfaGFzaCI6ImQ5OGU3ZTUxOWMyNTU2ZDRlZjI5ZjM3YjI2NDVhMzUxOGJhN2JlMGEiLCJfYXV0aF91c2VyX2JhY2tlbmQiOiJkamFuZ28uY29udHJpYi5hdXRoLmJhY2tlbmRzLk1vZGVsQmFja2VuZCIsIl9hdXRoX3VzZXJfaWQiOiI4In0="}, "model": "sessions.session", "pk": "ct8vij1hc0bbqjoem3r4v1jo3roqo1zn"}, {"fields": {"expire_date": "2017-04-05T22:10:38.041Z", "session_data": "OGExMDE4OWM3Y2I0NzE4NjZmYTJmN2ViMjBhYTc5OTZhNDQwZTM2Yjp7Il9hdXRoX3VzZXJfaGFzaCI6ImNiYTRlYjlkMDM0YzEyNDI3NjNlYmY2NmFiNGFiNTg0NTJhMDFlY2MiLCJfYXV0aF91c2VyX2JhY2tlbmQiOiJkamFuZ28uY29udHJpYi5hdXRoLmJhY2tlbmRzLk1vZGVsQmFja2VuZCIsIl9hdXRoX3VzZXJfaWQiOiIxIn0="}, "model": "sessions.session", "pk": "cz6w8paa8tv93adu8iho4ioaawmmvlmr"}, {"fields": {"expire_date": "2017-05-24T02:17:27.158Z", "session_data": "ZGEyMTdkMzQyMjc5NDY1YTgxNTg1ZTVjZGQwZWNjZWY3NDNiOWI5Zjp7ImNhcmdvIjoiQURNSU5JU1RSQURPUiIsImVtcHJlc2EiOiJPbGltcGljYSIsIl9hdXRoX3VzZXJfaGFzaCI6IjY4MzU2MGViNmVhNDk1NDE4NDM3M2FmYmRmNTQ4NTNkNDQ3YzM1ZDgiLCJfYXV0aF91c2VyX2lkIjoiMiIsIl9hdXRoX3VzZXJfYmFja2VuZCI6ImRqYW5nby5jb250cmliLmF1dGguYmFja2VuZHMuTW9kZWxCYWNrZW5kIn0="}, "model": "sessions.session", "pk": "eh3kamxm8ngsangrs0g1od0fcdwgx2qi"}, {"fields": {"expire_date": "2017-05-24T02:14:34.991Z", "session_data": "MTRiNmFhNDExYTliMDIwMzBkNDM2MDkwYzdiM2E4ZTRiMDJiN2U0NDp7Il9hdXRoX3VzZXJfaGFzaCI6ImQ5OGU3ZTUxOWMyNTU2ZDRlZjI5ZjM3YjI2NDVhMzUxOGJhN2JlMGEiLCJfYXV0aF91c2VyX2JhY2tlbmQiOiJkamFuZ28uY29udHJpYi5hdXRoLmJhY2tlbmRzLk1vZGVsQmFja2VuZCIsIl9hdXRoX3VzZXJfaWQiOiI4In0="}, "model": "sessions.session", "pk": "fkfi1x6cfzbwbbz0fifhs5gamp5d9bml"}, {"fields": {"expire_date": "2017-11-23T19:58:13.442Z", "session_data": "MTRiNmFhNDExYTliMDIwMzBkNDM2MDkwYzdiM2E4ZTRiMDJiN2U0NDp7Il9hdXRoX3VzZXJfaGFzaCI6ImQ5OGU3ZTUxOWMyNTU2ZDRlZjI5ZjM3YjI2NDVhMzUxOGJhN2JlMGEiLCJfYXV0aF91c2VyX2JhY2tlbmQiOiJkamFuZ28uY29udHJpYi5hdXRoLmJhY2tlbmRzLk1vZGVsQmFja2VuZCIsIl9hdXRoX3VzZXJfaWQiOiI4In0="}, "model": "sessions.session", "pk": "fmfuzswotsgidqry60ghmu73ce8sua0u"}, {"fields": {"expire_date": "2017-11-23T19:46:32.496Z", "session_data": "NmI2OTU3OTIzMmJhMGJhYjE1MWM2MjBiMTlmZDQyZjFmYzY5YWQ2Mjp7ImNhcmdvIjoiQURNSU5JU1RSQURPUiIsImVtcHJlc2EiOiJPbGltcGljYSIsIl9hdXRoX3VzZXJfaGFzaCI6ImM1ZjQwYjM2YjYyYWE0NDY1OTcwMjFmOTBjYTEwMjIzNDMyNTU5MzUiLCJfYXV0aF91c2VyX2lkIjoiMiIsIl9hdXRoX3VzZXJfYmFja2VuZCI6ImRqYW5nby5jb250cmliLmF1dGguYmFja2VuZHMuTW9kZWxCYWNrZW5kIn0="}, "model": "sessions.session", "pk": "frx64qlwpt3x54rekpldg9gqrvzl2ae6"}, {"fields": {"expire_date": "2017-04-07T16:36:08.113Z", "session_data": "ZGEyMTdkMzQyMjc5NDY1YTgxNTg1ZTVjZGQwZWNjZWY3NDNiOWI5Zjp7ImNhcmdvIjoiQURNSU5JU1RSQURPUiIsImVtcHJlc2EiOiJPbGltcGljYSIsIl9hdXRoX3VzZXJfaGFzaCI6IjY4MzU2MGViNmVhNDk1NDE4NDM3M2FmYmRmNTQ4NTNkNDQ3YzM1ZDgiLCJfYXV0aF91c2VyX2lkIjoiMiIsIl9hdXRoX3VzZXJfYmFja2VuZCI6ImRqYW5nby5jb250cmliLmF1dGguYmFja2VuZHMuTW9kZWxCYWNrZW5kIn0="}, "model": "sessions.session", "pk": "gkpf9xfpctglzjeqy1z8jodfiuzigmx5"}, {"fields": {"expire_date": "2017-11-21T20:07:53.261Z", "session_data": "M2ZlY2NkMzY2OGFiYzNiOGFiN2NkMmRhZWQ5NDIyZWUzZDU0NDExODp7fQ=="}, "model": "sessions.session", "pk": "gn95fpxkazpr2d25bxr5a7n1885rqe07"}, {"fields": {"expire_date": "2017-04-05T22:29:50.595Z", "session_data": "NGFkYTQ3MDhjNTY5OGI1MWI0YjUxYTdlZjk0OThjYjYyNzk2ZjNlZjp7Il9hdXRoX3VzZXJfaGFzaCI6IjY4MzU2MGViNmVhNDk1NDE4NDM3M2FmYmRmNTQ4NTNkNDQ3YzM1ZDgiLCJfYXV0aF91c2VyX2JhY2tlbmQiOiJkamFuZ28uY29udHJpYi5hdXRoLmJhY2tlbmRzLk1vZGVsQmFja2VuZCIsIl9hdXRoX3VzZXJfaWQiOiIyIn0="}, "model": "sessions.session", "pk": "ij77qajrblvwc2wu1ukf5vb3sycirira"}, {"fields": {"expire_date": "2017-05-18T23:22:24.535Z", "session_data": "MTRiNmFhNDExYTliMDIwMzBkNDM2MDkwYzdiM2E4ZTRiMDJiN2U0NDp7Il9hdXRoX3VzZXJfaGFzaCI6ImQ5OGU3ZTUxOWMyNTU2ZDRlZjI5ZjM3YjI2NDVhMzUxOGJhN2JlMGEiLCJfYXV0aF91c2VyX2JhY2tlbmQiOiJkamFuZ28uY29udHJpYi5hdXRoLmJhY2tlbmRzLk1vZGVsQmFja2VuZCIsIl9hdXRoX3VzZXJfaWQiOiI4In0="}, "model": "sessions.session", "pk": "iyjunl2se4ov9ntg5bjqhksmh3z21ukz"}, {"fields": {"expire_date": "2017-11-23T19:24:52.423Z", "session_data": "MTRiNmFhNDExYTliMDIwMzBkNDM2MDkwYzdiM2E4ZTRiMDJiN2U0NDp7Il9hdXRoX3VzZXJfaGFzaCI6ImQ5OGU3ZTUxOWMyNTU2ZDRlZjI5ZjM3YjI2NDVhMzUxOGJhN2JlMGEiLCJfYXV0aF91c2VyX2JhY2tlbmQiOiJkamFuZ28uY29udHJpYi5hdXRoLmJhY2tlbmRzLk1vZGVsQmFja2VuZCIsIl9hdXRoX3VzZXJfaWQiOiI4In0="}, "model": "sessions.session", "pk": "j7yu19ojt1priakiavzt5asy15ns2u0m"}, {"fields": {"expire_date": "2017-11-23T19:39:25.056Z", "session_data": "MTRiNmFhNDExYTliMDIwMzBkNDM2MDkwYzdiM2E4ZTRiMDJiN2U0NDp7Il9hdXRoX3VzZXJfaGFzaCI6ImQ5OGU3ZTUxOWMyNTU2ZDRlZjI5ZjM3YjI2NDVhMzUxOGJhN2JlMGEiLCJfYXV0aF91c2VyX2JhY2tlbmQiOiJkamFuZ28uY29udHJpYi5hdXRoLmJhY2tlbmRzLk1vZGVsQmFja2VuZCIsIl9hdXRoX3VzZXJfaWQiOiI4In0="}, "model": "sessions.session", "pk": "jaoyzitggzk892g2o0a91882g0vvef12"}, {"fields": {"expire_date": "2017-04-07T23:12:19.558Z", "session_data": "ZDk1ZjU0YjhmNWVjNWY4OTkyY2E2NDM2ZGVmNjJmZDY4YzYxMzc5MDp7Il9hdXRoX3VzZXJfaGFzaCI6ImM3MWVmOWQ5NDk4NWI4N2JkMzUzMzEwNzVhMWQyY2Y3ZTE2YmQ3ZGQiLCJfYXV0aF91c2VyX2JhY2tlbmQiOiJkamFuZ28uY29udHJpYi5hdXRoLmJhY2tlbmRzLk1vZGVsQmFja2VuZCIsIl9hdXRoX3VzZXJfaWQiOiI0In0="}, "model": "sessions.session", "pk": "jre22hd8tnm35ncra3u00robuvly0cd0"}, {"fields": {"expire_date": "2017-11-23T19:36:58.880Z", "session_data": "MTRiNmFhNDExYTliMDIwMzBkNDM2MDkwYzdiM2E4ZTRiMDJiN2U0NDp7Il9hdXRoX3VzZXJfaGFzaCI6ImQ5OGU3ZTUxOWMyNTU2ZDRlZjI5ZjM3YjI2NDVhMzUxOGJhN2JlMGEiLCJfYXV0aF91c2VyX2JhY2tlbmQiOiJkamFuZ28uY29udHJpYi5hdXRoLmJhY2tlbmRzLk1vZGVsQmFja2VuZCIsIl9hdXRoX3VzZXJfaWQiOiI4In0="}, "model": "sessions.session", "pk": "kmy2c7uzevlue8fnfu2d2dh64mgxb3zf"}, {"fields": {"expire_date": "2017-04-07T23:57:53.438Z", "session_data": "ZDc0MmQ5OWVkZGJjODk1MDI1Yzk2MWI4YzU0YTNhMWNhMzA4OGQ5NTp7ImNhcmdvIjoiQURNSU5JU1RSQURPUiIsImVtcHJlc2EiOiJPbGltcGljYSIsIl9hdXRoX3VzZXJfaGFzaCI6IjY4MzU2MGViNmVhNDk1NDE4NDM3M2FmYmRmNTQ4NTNkNDQ3YzM1ZDgiLCJfYXV0aF91c2VyX2JhY2tlbmQiOiJkamFuZ28uY29udHJpYi5hdXRoLmJhY2tlbmRzLk1vZGVsQmFja2VuZCIsIl9hdXRoX3VzZXJfaWQiOiIyIn0="}, "model": "sessions.session", "pk": "kni3gmnmgrjs8n1hg1umornpylx7l4i3"}, {"fields": {"expire_date": "2017-05-18T23:21:55.035Z", "session_data": "MTRiNmFhNDExYTliMDIwMzBkNDM2MDkwYzdiM2E4ZTRiMDJiN2U0NDp7Il9hdXRoX3VzZXJfaGFzaCI6ImQ5OGU3ZTUxOWMyNTU2ZDRlZjI5ZjM3YjI2NDVhMzUxOGJhN2JlMGEiLCJfYXV0aF91c2VyX2JhY2tlbmQiOiJkamFuZ28uY29udHJpYi5hdXRoLmJhY2tlbmRzLk1vZGVsQmFja2VuZCIsIl9hdXRoX3VzZXJfaWQiOiI4In0="}, "model": "sessions.session", "pk": "lnb4sfw5ap1s3i26q7uljlth393sn79g"}, {"fields": {"expire_date": "2017-05-17T16:17:52.814Z", "session_data": "MjI5NjQ2ZTc4ZDM3MjM2NTJmY2ZmNzAwMDMxMTk3N2IyN2Y2Nzc0ZTp7Il9hdXRoX3VzZXJfaGFzaCI6IjIwNGM0OTk5MjA4NDE0Y2Q1OTUxZTQ2NzlmMjM0YjA3YzA3MDcwYWQiLCJfYXV0aF91c2VyX2JhY2tlbmQiOiJkamFuZ28uY29udHJpYi5hdXRoLmJhY2tlbmRzLk1vZGVsQmFja2VuZCIsIl9hdXRoX3VzZXJfaWQiOiIzIn0="}, "model": "sessions.session", "pk": "mzm15zc24l1dz8kdavjhnz6u418c9utw"}, {"fields": {"expire_date": "2017-05-17T22:05:25.124Z", "session_data": "YzUzNDZmZjUwOTY4OTc5MWI0MDczODAxZTE2YjU3NmJhYjYxMzEzNTp7Il9hdXRoX3VzZXJfaGFzaCI6ImY0OGU0YWIxZjQ0NjM5YTYwZjVjYzBmNTY1NWJhZmExZDdhNjE4YTMiLCJfYXV0aF91c2VyX2JhY2tlbmQiOiJkamFuZ28uY29udHJpYi5hdXRoLmJhY2tlbmRzLk1vZGVsQmFja2VuZCIsIl9hdXRoX3VzZXJfaWQiOiI0In0="}, "model": "sessions.session", "pk": "nwq3xy6dedh44mtse9ylma6qqzea13et"}, {"fields": {"expire_date": "2017-05-08T02:17:48.342Z", "session_data": "M2ZlY2NkMzY2OGFiYzNiOGFiN2NkMmRhZWQ5NDIyZWUzZDU0NDExODp7fQ=="}, "model": "sessions.session", "pk": "nwvckhvkmo2mo1v1aj7zrkludezwqpup"}, {"fields": {"expire_date": "2017-04-07T22:59:55.274Z", "session_data": "ZGEyMTdkMzQyMjc5NDY1YTgxNTg1ZTVjZGQwZWNjZWY3NDNiOWI5Zjp7ImNhcmdvIjoiQURNSU5JU1RSQURPUiIsImVtcHJlc2EiOiJPbGltcGljYSIsIl9hdXRoX3VzZXJfaGFzaCI6IjY4MzU2MGViNmVhNDk1NDE4NDM3M2FmYmRmNTQ4NTNkNDQ3YzM1ZDgiLCJfYXV0aF91c2VyX2lkIjoiMiIsIl9hdXRoX3VzZXJfYmFja2VuZCI6ImRqYW5nby5jb250cmliLmF1dGguYmFja2VuZHMuTW9kZWxCYWNrZW5kIn0="}, "model": "sessions.session", "pk": "of36p7regpvaq1s61j1bkqw22kzm8r1s"}, {"fields": {"expire_date": "2017-05-17T22:06:46.945Z", "session_data": "YzUzNDZmZjUwOTY4OTc5MWI0MDczODAxZTE2YjU3NmJhYjYxMzEzNTp7Il9hdXRoX3VzZXJfaGFzaCI6ImY0OGU0YWIxZjQ0NjM5YTYwZjVjYzBmNTY1NWJhZmExZDdhNjE4YTMiLCJfYXV0aF91c2VyX2JhY2tlbmQiOiJkamFuZ28uY29udHJpYi5hdXRoLmJhY2tlbmRzLk1vZGVsQmFja2VuZCIsIl9hdXRoX3VzZXJfaWQiOiI0In0="}, "model": "sessions.session", "pk": "ozgt51i00jrfe9wffmlmj5ccf3lty53j"}, {"fields": {"expire_date": "2017-04-05T22:28:18.929Z", "session_data": "NGFkYTQ3MDhjNTY5OGI1MWI0YjUxYTdlZjk0OThjYjYyNzk2ZjNlZjp7Il9hdXRoX3VzZXJfaGFzaCI6IjY4MzU2MGViNmVhNDk1NDE4NDM3M2FmYmRmNTQ4NTNkNDQ3YzM1ZDgiLCJfYXV0aF91c2VyX2JhY2tlbmQiOiJkamFuZ28uY29udHJpYi5hdXRoLmJhY2tlbmRzLk1vZGVsQmFja2VuZCIsIl9hdXRoX3VzZXJfaWQiOiIyIn0="}, "model": "sessions.session", "pk": "q09zx36k16p4nn3ycmtmkzy5jm0sr7yh"}, {"fields": {"expire_date": "2017-05-11T21:38:30.069Z", "session_data": "MjI5NjQ2ZTc4ZDM3MjM2NTJmY2ZmNzAwMDMxMTk3N2IyN2Y2Nzc0ZTp7Il9hdXRoX3VzZXJfaGFzaCI6IjIwNGM0OTk5MjA4NDE0Y2Q1OTUxZTQ2NzlmMjM0YjA3YzA3MDcwYWQiLCJfYXV0aF91c2VyX2JhY2tlbmQiOiJkamFuZ28uY29udHJpYi5hdXRoLmJhY2tlbmRzLk1vZGVsQmFja2VuZCIsIl9hdXRoX3VzZXJfaWQiOiIzIn0="}, "model": "sessions.session", "pk": "q9m8e1ae7w9yettd559uhcjsq8kvs9rj"}, {"fields": {"expire_date": "2017-05-17T16:16:50.850Z", "session_data": "MjI5NjQ2ZTc4ZDM3MjM2NTJmY2ZmNzAwMDMxMTk3N2IyN2Y2Nzc0ZTp7Il9hdXRoX3VzZXJfaGFzaCI6IjIwNGM0OTk5MjA4NDE0Y2Q1OTUxZTQ2NzlmMjM0YjA3YzA3MDcwYWQiLCJfYXV0aF91c2VyX2JhY2tlbmQiOiJkamFuZ28uY29udHJpYi5hdXRoLmJhY2tlbmRzLk1vZGVsQmFja2VuZCIsIl9hdXRoX3VzZXJfaWQiOiIzIn0="}, "model": "sessions.session", "pk": "qfriomwr0dnrxi5izirgkre7w97q5pe2"}, {"fields": {"expire_date": "2017-04-07T22:46:28.194Z", "session_data": "ZGEyMTdkMzQyMjc5NDY1YTgxNTg1ZTVjZGQwZWNjZWY3NDNiOWI5Zjp7ImNhcmdvIjoiQURNSU5JU1RSQURPUiIsImVtcHJlc2EiOiJPbGltcGljYSIsIl9hdXRoX3VzZXJfaGFzaCI6IjY4MzU2MGViNmVhNDk1NDE4NDM3M2FmYmRmNTQ4NTNkNDQ3YzM1ZDgiLCJfYXV0aF91c2VyX2lkIjoiMiIsIl9hdXRoX3VzZXJfYmFja2VuZCI6ImRqYW5nby5jb250cmliLmF1dGguYmFja2VuZHMuTW9kZWxCYWNrZW5kIn0="}, "model": "sessions.session", "pk": "r128yvtuaoh4zgejjqugn3z8qvp9cqma"}, {"fields": {"expire_date": "2017-05-24T02:14:07.705Z", "session_data": "M2ZlY2NkMzY2OGFiYzNiOGFiN2NkMmRhZWQ5NDIyZWUzZDU0NDExODp7fQ=="}, "model": "sessions.session", "pk": "rwg2wmr40cwfpemmvkkzrizui4z3ecpg"}, {"fields": {"expire_date": "2017-05-10T21:15:39.199Z", "session_data": "OGExMDE4OWM3Y2I0NzE4NjZmYTJmN2ViMjBhYTc5OTZhNDQwZTM2Yjp7Il9hdXRoX3VzZXJfaGFzaCI6ImNiYTRlYjlkMDM0YzEyNDI3NjNlYmY2NmFiNGFiNTg0NTJhMDFlY2MiLCJfYXV0aF91c2VyX2JhY2tlbmQiOiJkamFuZ28uY29udHJpYi5hdXRoLmJhY2tlbmRzLk1vZGVsQmFja2VuZCIsIl9hdXRoX3VzZXJfaWQiOiIxIn0="}, "model": "sessions.session", "pk": "sp2mo71z3vp26k4gl3ffdlo943ljax7i"}, {"fields": {"expire_date": "2017-05-18T23:33:00.966Z", "session_data": "MTRiNmFhNDExYTliMDIwMzBkNDM2MDkwYzdiM2E4ZTRiMDJiN2U0NDp7Il9hdXRoX3VzZXJfaGFzaCI6ImQ5OGU3ZTUxOWMyNTU2ZDRlZjI5ZjM3YjI2NDVhMzUxOGJhN2JlMGEiLCJfYXV0aF91c2VyX2JhY2tlbmQiOiJkamFuZ28uY29udHJpYi5hdXRoLmJhY2tlbmRzLk1vZGVsQmFja2VuZCIsIl9hdXRoX3VzZXJfaWQiOiI4In0="}, "model": "sessions.session", "pk": "ty7uwiekppmwvapdhm5hh1dtbge8ov5e"}, {"fields": {"expire_date": "2017-05-10T22:37:21.464Z", "session_data": "ZDk1ZjU0YjhmNWVjNWY4OTkyY2E2NDM2ZGVmNjJmZDY4YzYxMzc5MDp7Il9hdXRoX3VzZXJfaGFzaCI6ImM3MWVmOWQ5NDk4NWI4N2JkMzUzMzEwNzVhMWQyY2Y3ZTE2YmQ3ZGQiLCJfYXV0aF91c2VyX2JhY2tlbmQiOiJkamFuZ28uY29udHJpYi5hdXRoLmJhY2tlbmRzLk1vZGVsQmFja2VuZCIsIl9hdXRoX3VzZXJfaWQiOiI0In0="}, "model": "sessions.session", "pk": "updda040xei1psxuexr9rlxvo0k3lk4d"}, {"fields": {"expire_date": "2017-05-18T23:14:19.496Z", "session_data": "MTRiNmFhNDExYTliMDIwMzBkNDM2MDkwYzdiM2E4ZTRiMDJiN2U0NDp7Il9hdXRoX3VzZXJfaGFzaCI6ImQ5OGU3ZTUxOWMyNTU2ZDRlZjI5ZjM3YjI2NDVhMzUxOGJhN2JlMGEiLCJfYXV0aF91c2VyX2JhY2tlbmQiOiJkamFuZ28uY29udHJpYi5hdXRoLmJhY2tlbmRzLk1vZGVsQmFja2VuZCIsIl9hdXRoX3VzZXJfaWQiOiI4In0="}, "model": "sessions.session", "pk": "urw6kqrdw5s8uuelxdo4991bb7zdq3eu"}, {"fields": {"expire_date": "2017-05-18T23:21:41.937Z", "session_data": "MTRiNmFhNDExYTliMDIwMzBkNDM2MDkwYzdiM2E4ZTRiMDJiN2U0NDp7Il9hdXRoX3VzZXJfaGFzaCI6ImQ5OGU3ZTUxOWMyNTU2ZDRlZjI5ZjM3YjI2NDVhMzUxOGJhN2JlMGEiLCJfYXV0aF91c2VyX2JhY2tlbmQiOiJkamFuZ28uY29udHJpYi5hdXRoLmJhY2tlbmRzLk1vZGVsQmFja2VuZCIsIl9hdXRoX3VzZXJfaWQiOiI4In0="}, "model": "sessions.session", "pk": "vccqmvqlo23qllqzrm5bp33zfb3bndnz"}, {"fields": {"expire_date": "2017-11-23T19:45:57.863Z", "session_data": "MTRiNmFhNDExYTliMDIwMzBkNDM2MDkwYzdiM2E4ZTRiMDJiN2U0NDp7Il9hdXRoX3VzZXJfaGFzaCI6ImQ5OGU3ZTUxOWMyNTU2ZDRlZjI5ZjM3YjI2NDVhMzUxOGJhN2JlMGEiLCJfYXV0aF91c2VyX2JhY2tlbmQiOiJkamFuZ28uY29udHJpYi5hdXRoLmJhY2tlbmRzLk1vZGVsQmFja2VuZCIsIl9hdXRoX3VzZXJfaWQiOiI4In0="}, "model": "sessions.session", "pk": "vlx52gt47du9453j8dcdqqzobzay8gmn"}, {"fields": {"expire_date": "2017-11-23T20:01:36.922Z", "session_data": "NWJmMDgxMTIzZWU2MTYzMzNjN2VlMmZhNjM5Yjg3MWUzOWU3MTZiNTp7Il9hdXRoX3VzZXJfaGFzaCI6ImIxOWVmNWM0ZDlmMTZlZWZhMzAxNDVjMjY3NTg4NzJlZjc3ODU2YTkiLCJfYXV0aF91c2VyX2JhY2tlbmQiOiJkamFuZ28uY29udHJpYi5hdXRoLmJhY2tlbmRzLk1vZGVsQmFja2VuZCIsIl9hdXRoX3VzZXJfaWQiOiIxIn0="}, "model": "sessions.session", "pk": "vw8erm39hrgnpyyks7te8vshxgtbj6qj"}, {"fields": {"expire_date": "2017-05-19T00:07:47.006Z", "session_data": "MTRiNmFhNDExYTliMDIwMzBkNDM2MDkwYzdiM2E4ZTRiMDJiN2U0NDp7Il9hdXRoX3VzZXJfaGFzaCI6ImQ5OGU3ZTUxOWMyNTU2ZDRlZjI5ZjM3YjI2NDVhMzUxOGJhN2JlMGEiLCJfYXV0aF91c2VyX2JhY2tlbmQiOiJkamFuZ28uY29udHJpYi5hdXRoLmJhY2tlbmRzLk1vZGVsQmFja2VuZCIsIl9hdXRoX3VzZXJfaWQiOiI4In0="}, "model": "sessions.session", "pk": "w7202o6pgryr30yjtgad5t7tjc09ihyd"}, {"fields": {"expire_date": "2017-05-23T21:10:48.339Z", "session_data": "MTRiNmFhNDExYTliMDIwMzBkNDM2MDkwYzdiM2E4ZTRiMDJiN2U0NDp7Il9hdXRoX3VzZXJfaGFzaCI6ImQ5OGU3ZTUxOWMyNTU2ZDRlZjI5ZjM3YjI2NDVhMzUxOGJhN2JlMGEiLCJfYXV0aF91c2VyX2JhY2tlbmQiOiJkamFuZ28uY29udHJpYi5hdXRoLmJhY2tlbmRzLk1vZGVsQmFja2VuZCIsIl9hdXRoX3VzZXJfaWQiOiI4In0="}, "model": "sessions.session", "pk": "w75pvmy8t6jj8g8uf7vd2qjho3jbd7as"}, {"fields": {"expire_date": "2017-05-17T16:21:02.929Z", "session_data": "MjI5NjQ2ZTc4ZDM3MjM2NTJmY2ZmNzAwMDMxMTk3N2IyN2Y2Nzc0ZTp7Il9hdXRoX3VzZXJfaGFzaCI6IjIwNGM0OTk5MjA4NDE0Y2Q1OTUxZTQ2NzlmMjM0YjA3YzA3MDcwYWQiLCJfYXV0aF91c2VyX2JhY2tlbmQiOiJkamFuZ28uY29udHJpYi5hdXRoLmJhY2tlbmRzLk1vZGVsQmFja2VuZCIsIl9hdXRoX3VzZXJfaWQiOiIzIn0="}, "model": "sessions.session", "pk": "x5zc16rvzddt4rixglxtol08bcj1r5i5"}, {"fields": {"expire_date": "2017-05-18T23:19:28.706Z", "session_data": "MTRiNmFhNDExYTliMDIwMzBkNDM2MDkwYzdiM2E4ZTRiMDJiN2U0NDp7Il9hdXRoX3VzZXJfaGFzaCI6ImQ5OGU3ZTUxOWMyNTU2ZDRlZjI5ZjM3YjI2NDVhMzUxOGJhN2JlMGEiLCJfYXV0aF91c2VyX2JhY2tlbmQiOiJkamFuZ28uY29udHJpYi5hdXRoLmJhY2tlbmRzLk1vZGVsQmFja2VuZCIsIl9hdXRoX3VzZXJfaWQiOiI4In0="}, "model": "sessions.session", "pk": "y6pmtdyk1qo5nbuw4s6qohg1kexatrdl"}, {"fields": {"expire_date": "2017-05-18T23:17:09.958Z", "session_data": "MTRiNmFhNDExYTliMDIwMzBkNDM2MDkwYzdiM2E4ZTRiMDJiN2U0NDp7Il9hdXRoX3VzZXJfaGFzaCI6ImQ5OGU3ZTUxOWMyNTU2ZDRlZjI5ZjM3YjI2NDVhMzUxOGJhN2JlMGEiLCJfYXV0aF91c2VyX2JhY2tlbmQiOiJkamFuZ28uY29udHJpYi5hdXRoLmJhY2tlbmRzLk1vZGVsQmFja2VuZCIsIl9hdXRoX3VzZXJfaWQiOiI4In0="}, "model": "sessions.session", "pk": "yh98lswbfh83ung2fmqieny7rbulqcoa"}, {"fields": {"expire_date": "2017-05-17T22:04:27.655Z", "session_data": "ZDc0MmQ5OWVkZGJjODk1MDI1Yzk2MWI4YzU0YTNhMWNhMzA4OGQ5NTp7ImNhcmdvIjoiQURNSU5JU1RSQURPUiIsImVtcHJlc2EiOiJPbGltcGljYSIsIl9hdXRoX3VzZXJfaGFzaCI6IjY4MzU2MGViNmVhNDk1NDE4NDM3M2FmYmRmNTQ4NTNkNDQ3YzM1ZDgiLCJfYXV0aF91c2VyX2JhY2tlbmQiOiJkamFuZ28uY29udHJpYi5hdXRoLmJhY2tlbmRzLk1vZGVsQmFja2VuZCIsIl9hdXRoX3VzZXJfaWQiOiIyIn0="}, "model": "sessions.session", "pk": "yjqbgu9gqn2o32k9zta4tm6hmduuv417"}, {"fields": {"expire_date": "2017-05-18T23:29:06.298Z", "session_data": "MTRiNmFhNDExYTliMDIwMzBkNDM2MDkwYzdiM2E4ZTRiMDJiN2U0NDp7Il9hdXRoX3VzZXJfaGFzaCI6ImQ5OGU3ZTUxOWMyNTU2ZDRlZjI5ZjM3YjI2NDVhMzUxOGJhN2JlMGEiLCJfYXV0aF91c2VyX2JhY2tlbmQiOiJkamFuZ28uY29udHJpYi5hdXRoLmJhY2tlbmRzLk1vZGVsQmFja2VuZCIsIl9hdXRoX3VzZXJfaWQiOiI4In0="}, "model": "sessions.session", "pk": "z3ogdtki8ptwpqhizhi7qw2kapmf1pyj"}, {"fields": {"expire_date": "2017-05-19T00:03:47.530Z", "session_data": "MTRiNmFhNDExYTliMDIwMzBkNDM2MDkwYzdiM2E4ZTRiMDJiN2U0NDp7Il9hdXRoX3VzZXJfaGFzaCI6ImQ5OGU3ZTUxOWMyNTU2ZDRlZjI5ZjM3YjI2NDVhMzUxOGJhN2JlMGEiLCJfYXV0aF91c2VyX2JhY2tlbmQiOiJkamFuZ28uY29udHJpYi5hdXRoLmJhY2tlbmRzLk1vZGVsQmFja2VuZCIsIl9hdXRoX3VzZXJfaWQiOiI4In0="}, "model": "sessions.session", "pk": "zdscdv3zhwsz5olasss3lmpsm8qhwnuc"}, {"fields": {"expire_date": "2017-11-23T19:53:13.364Z", "session_data": "MTRiNmFhNDExYTliMDIwMzBkNDM2MDkwYzdiM2E4ZTRiMDJiN2U0NDp7Il9hdXRoX3VzZXJfaGFzaCI6ImQ5OGU3ZTUxOWMyNTU2ZDRlZjI5ZjM3YjI2NDVhMzUxOGJhN2JlMGEiLCJfYXV0aF91c2VyX2JhY2tlbmQiOiJkamFuZ28uY29udHJpYi5hdXRoLmJhY2tlbmRzLk1vZGVsQmFja2VuZCIsIl9hdXRoX3VzZXJfaWQiOiI4In0="}, "model": "sessions.session", "pk": "zen9irxhkhobjixrr60x8e3raulse3ik"}, {"fields": {"expire_date": "2017-05-19T00:02:05.964Z", "session_data": "MTRiNmFhNDExYTliMDIwMzBkNDM2MDkwYzdiM2E4ZTRiMDJiN2U0NDp7Il9hdXRoX3VzZXJfaGFzaCI6ImQ5OGU3ZTUxOWMyNTU2ZDRlZjI5ZjM3YjI2NDVhMzUxOGJhN2JlMGEiLCJfYXV0aF91c2VyX2JhY2tlbmQiOiJkamFuZ28uY29udHJpYi5hdXRoLmJhY2tlbmRzLk1vZGVsQmFja2VuZCIsIl9hdXRoX3VzZXJfaWQiOiI4In0="}, "model": "sessions.session", "pk": "zq3xoyuse41m70o7q7546nfcm2fl9bve"}, {"fields": {"status": true, "nombre": "Cartagena"}, "model": "usuario.ciudad", "pk": 1}, {"fields": {"tipo_id": "CEDULA", "telefono_fijo": "", "groups": [], "user_permissions": [], "identificacion": "1047421571", "telefono_celular": "3215574712"}, "model": "usuario.usuario", "pk": 2}, {"fields": {"tipo_id": "CEDULA", "telefono_fijo": "", "groups": [], "user_permissions": [], "identificacion": "9297543", "telefono_celular": "3017949434"}, "model": "usuario.usuario", "pk": 3}, {"fields": {"tipo_id": "CEDULA", "telefono_fijo": "", "groups": [], "user_permissions": [], "identificacion": "1047454230", "telefono_celular": "3006958707"}, "model": "usuario.usuario", "pk": 4}, {"fields": {"tipo_id": "CEDULA", "telefono_fijo": "", "groups": [], "user_permissions": [], "identificacion": "123456000", "telefono_celular": "3001234567"}, "model": "usuario.usuario", "pk": 5}, {"fields": {"tipo_id": "CEDULA", "telefono_fijo": "", "groups": [], "user_permissions": [], "identificacion": "123456987", "telefono_celular": "3007654321"}, "model": "usuario.usuario", "pk": 6}, {"fields": {"tipo_id": "CEDULA", "telefono_fijo": "", "groups": [], "user_permissions": [], "identificacion": "1047587587", "telefono_celular": "3215574712"}, "model": "usuario.usuario", "pk": 7}, {"fields": {"tipo_id": "CEDULA", "telefono_fijo": "", "groups": [], "user_permissions": [], "identificacion": "4557878", "telefono_celular": "3215574712"}, "model": "usuario.usuario", "pk": 8}, {"fields": {"username": "Express", "web": "http://expressdelnorte.com.co/", "first_name": "Olimpica", "direccion": "villa sandra mz C lt 6", "ciudad": 1, "active": true, "logo": "logos_empresas/68x68.png", "nit": "900682614"}, "model": "usuario.empresa", "pk": 1}, {"fields": {"latitud": 10.410495, "status": true, "empresa": 1, "longitud": -75.550798, "referencia": "Bocagrande", "direccion": " Cra. 2 #63-37, Cartagena, Bol\u00edvar", "token": "afed4db429003f21ce594db3d8791ff0", "url": "http://www.olimpica.com/", "ciudad": 1, "celular": "", "nombre": "Olimpica Bocagrande", "fijo": "01-800-095", "nit": "12456789"}, "model": "usuario.tienda", "pk": 1}, {"fields": {"first_name": "cliente1", "last_name": "cliente1", "tipo_id": "CEDULA", "zona": "Sur", "direccion": "villa sandra mz C lt 6", "telefono_fijo": "", "ciudad": 1, "identificacion": "654718293", "empresa": 1, "barrio": "Villa Sandra", "telefono_celular": "3002581476"}, "model": "usuario.cliente", "pk": 1}, {"fields": {"first_name": "Cliente2", "last_name": "Cliente2", "tipo_id": "CEDULA", "zona": "Norte", "direccion": "villa sandra mz C lt 6", "telefono_fijo": "", "ciudad": 1, "identificacion": "1654321987", "empresa": 1, "barrio": "Los Alpes", "telefono_celular": "3006582719"}, "model": "usuario.cliente", "pk": 2}, {"fields": {"fecha_nacimiento": "1990-05-20", "foto": "empleado/48x48.png", "cargo": "ADMINISTRADOR", "tienda": null, "empresa": 1, "direccion": "villa sandra mz C lt 6", "ciudad": 1, "groups": [], "user_permissions": []}, "model": "usuario.empleado", "pk": 2}, {"fields": {"fecha_nacimiento": "1982-01-18", "foto": "", "cargo": "MOTORIZADO", "tienda": 1, "empresa": 1, "direccion": "villa sandra mz C lt 6", "ciudad": 1, "groups": [], "user_permissions": []}, "model": "usuario.empleado", "pk": 3}, {"fields": {"fecha_nacimiento": "1993-03-01", "foto": "", "cargo": "MOTORIZADO", "tienda": 1, "empresa": 1, "direccion": "villa sandra mz C lt 6", "ciudad": 1, "groups": [], "user_permissions": []}, "model": "usuario.empleado", "pk": 4}, {"fields": {"fecha_nacimiento": "1990-03-31", "foto": "", "cargo": "ALISTADOR", "tienda": 1, "empresa": 1, "direccion": "villa sandra mz C lt 6", "ciudad": 1, "groups": [], "user_permissions": []}, "model": "usuario.empleado", "pk": 5}, {"fields": {"fecha_nacimiento": "1987-03-09", "foto": "", "cargo": "SUPERVISOR", "tienda": 1, "empresa": 1, "direccion": "villa sandra mz C lt 6", "ciudad": 1, "groups": [], "user_permissions": []}, "model": "usuario.empleado", "pk": 6}, {"fields": {"fecha_nacimiento": "1990-05-20", "foto": "", "cargo": "MOTORIZADO", "tienda": 1, "empresa": 1, "direccion": "Villa Sandra", "ciudad": 1, "groups": [], "user_permissions": []}, "model": "usuario.empleado", "pk": 7}, {"fields": {"fecha_nacimiento": "1990-05-20", "foto": "", "cargo": "MOTORIZADO", "tienda": 1, "empresa": 1, "direccion": "Villa Sandra", "ciudad": 1, "groups": [], "user_permissions": []}, "model": "usuario.empleado", "pk": 8}, {"fields": {"fecha_expedicionS": "2016-07-09", "numeroS": "654123987", "fecha_expiracionS": "2017-07-09"}, "model": "motorizado.soat", "pk": 1}, {"fields": {"fecha_expedicionS": "2016-09-06", "numeroS": "147852369", "fecha_expiracionS": "2017-09-06"}, "model": "motorizado.soat", "pk": 2}, {"fields": {"fecha_expedicionS": "2016-05-04", "numeroS": "85474574", "fecha_expiracionS": "2017-05-04"}, "model": "motorizado.soat", "pk": 3}, {"fields": {"fecha_expiracionT": "2017-07-09", "numeroT": "789654123", "fecha_expedicionT": "2016-07-09"}, "model": "motorizado.tecno", "pk": 1}, {"fields": {"fecha_expiracionT": "2017-09-06", "numeroT": "963258741", "fecha_expedicionT": "2016-09-06"}, "model": "motorizado.tecno", "pk": 2}, {"fields": {"fecha_expiracionT": "2017-05-02", "numeroT": "352562354", "fecha_expedicionT": "2016-05-02"}, "model": "motorizado.tecno", "pk": 3}, {"fields": {"tipo": "4 tiempos", "tecno": 1, "empresaM": 1, "marca": "Zuzuki", "placa": "uaf12e", "soat": 1, "estado": true, "t_propiedad": "321654987"}, "model": "motorizado.moto", "pk": 1}, {"fields": {"tipo": "4 tiempos", "tecno": 2, "empresaM": 1, "marca": "Honda", "placa": "pel65a", "soat": 2, "estado": true, "t_propiedad": "65498712"}, "model": "motorizado.moto", "pk": 2}, {"fields": {"tipo": "4 tiempos", "tecno": 3, "empresaM": 1, "marca": "Honda", "placa": "ual78a", "soat": 3, "estado": true, "t_propiedad": "209909909"}, "model": "motorizado.moto", "pk": 3}, {"fields": {"identifier": "352837072815888", "moto": 2, "licencia": "852741963", "tipo": 1, "empleado": 4}, "model": "motorizado.motorizado", "pk": 1}, {"fields": {"identifier": "357722075843", "moto": 1, "licencia": "365874129", "tipo": 1, "empleado": 3}, "model": "motorizado.motorizado", "pk": 2}, {"fields": {"identifier": "357722075330843", "moto": 3, "licencia": "789456", "tipo": 1, "empleado": 8}, "model": "motorizado.motorizado", "pk": 3}, {"fields": {"descripcion": "Papa", "status": true, "codigo": "12120", "presentacion": "GRAMO", "empresaI": 1}, "model": "pedido.items", "pk": 1}, {"fields": {"descripcion": "Arroz", "status": true, "codigo": "2554", "presentacion": "GRAMO", "empresaI": 1}, "model": "pedido.items", "pk": 2}, {"fields": {"despachado": false, "empresa": 1, "npedido_express": null, "supervisor": 6, "notificado": false, "alistador": 5, "tienda": 1, "reactivacion": false, "fecha_pedido": "2017-03-24", "num_pedido": "OL_1", "confirmado": false, "entregado": false, "tipo_pago": "EFECTIVO", "motorizado": 3, "activado": true, "observacion": "", "alistado": false, "total": null, "cliente": 1}, "model": "pedido.pedido", "pk": 1}, {"fields": {"despachado": false, "empresa": 1, "npedido_express": null, "supervisor": 6, "notificado": false, "alistador": 5, "tienda": 1, "reactivacion": false, "fecha_pedido": "2017-03-24", "num_pedido": "OL_2", "confirmado": true, "entregado": false, "tipo_pago": "EFECTIVO", "motorizado": 3, "activado": true, "observacion": "", "alistado": false, "total": "12000.00", "cliente": 1}, "model": "pedido.pedido", "pk": 2}, {"fields": {"despachado": false, "empresa": 1, "npedido_express": null, "supervisor": 6, "notificado": false, "alistador": 5, "tienda": 1, "reactivacion": false, "fecha_pedido": "2017-03-24", "num_pedido": "OL_3", "confirmado": true, "entregado": false, "tipo_pago": "EFECTIVO", "motorizado": 3, "activado": true, "observacion": "dskjksds", "alistado": false, "total": "690000.00", "cliente": 1}, "model": "pedido.pedido", "pk": 3}, {"fields": {"despachado": true, "empresa": 1, "npedido_express": null, "supervisor": 6, "notificado": false, "alistador": 5, "tienda": 1, "reactivacion": false, "fecha_pedido": "2017-03-24", "num_pedido": "OL_4", "confirmado": true, "entregado": true, "tipo_pago": "EFECTIVO", "motorizado": 4, "activado": true, "observacion": "pedido1", "alistado": false, "total": "640000.00", "cliente": 1}, "model": "pedido.pedido", "pk": 4}, {"fields": {"despachado": true, "empresa": 1, "npedido_express": null, "supervisor": 6, "notificado": false, "alistador": 5, "tienda": 1, "reactivacion": false, "fecha_pedido": "2017-04-27", "num_pedido": "OL_5", "confirmado": true, "entregado": true, "tipo_pago": "EFECTIVO", "motorizado": 3, "activado": true, "observacion": "", "alistado": false, "total": "35000.00", "cliente": 1}, "model": "pedido.pedido", "pk": 5}, {"fields": {"despachado": true, "empresa": 1, "npedido_express": null, "supervisor": 6, "notificado": false, "alistador": 5, "tienda": 1, "reactivacion": false, "fecha_pedido": "2017-05-03", "num_pedido": "OL_6", "confirmado": true, "entregado": true, "tipo_pago": "TARJETA", "motorizado": 3, "activado": true, "observacion": "llevarlo rapido", "alistado": false, "total": "40000.00", "cliente": 1}, "model": "pedido.pedido", "pk": 6}, {"fields": {"despachado": true, "empresa": 1, "npedido_express": null, "supervisor": 6, "notificado": false, "alistador": 5, "tienda": 1, "reactivacion": false, "fecha_pedido": "2017-05-04", "num_pedido": "OL_7", "confirmado": true, "entregado": true, "tipo_pago": "EFECTIVO", "motorizado": 8, "activado": true, "observacion": "llevar rapido qap", "alistado": false, "total": "1500000.00", "cliente": 1}, "model": "pedido.pedido", "pk": 7}, {"fields": {"despachado": true, "empresa": 1, "npedido_express": null, "supervisor": 6, "notificado": false, "alistador": 5, "tienda": 1, "reactivacion": false, "fecha_pedido": "2017-05-04", "num_pedido": "OL_8", "confirmado": true, "entregado": true, "tipo_pago": "EFECTIVO", "motorizado": 8, "activado": true, "observacion": "lolpop", "alistado": false, "total": "40000.00", "cliente": 2}, "model": "pedido.pedido", "pk": 8}, {"fields": {"despachado": true, "empresa": 1, "npedido_express": null, "supervisor": 6, "notificado": false, "alistador": 5, "tienda": 1, "reactivacion": false, "fecha_pedido": "2017-05-04", "num_pedido": "OL_9", "confirmado": true, "entregado": true, "tipo_pago": "EFECTIVO", "motorizado": 8, "activado": true, "observacion": "", "alistado": false, "total": "12000.00", "cliente": 2}, "model": "pedido.pedido", "pk": 9}, {"fields": {"despachado": false, "empresa": 1, "npedido_express": null, "supervisor": 6, "notificado": false, "alistador": 5, "tienda": 1, "reactivacion": false, "fecha_pedido": "2017-11-09", "num_pedido": "OL_10", "confirmado": false, "entregado": false, "tipo_pago": "EFECTIVO", "motorizado": 8, "activado": true, "observacion": "", "alistado": false, "total": "75000.00", "cliente": 1}, "model": "pedido.pedido", "pk": 10}, {"fields": {"despachado": true, "empresa": 1, "npedido_express": null, "supervisor": 6, "notificado": false, "alistador": 5, "tienda": 1, "reactivacion": false, "fecha_pedido": "2017-11-09", "num_pedido": "OL_11", "confirmado": true, "entregado": true, "tipo_pago": "EFECTIVO", "motorizado": 8, "activado": true, "observacion": "", "alistado": false, "total": "25000.00", "cliente": 1}, "model": "pedido.pedido", "pk": 11}, {"fields": {"despachado": true, "empresa": 1, "npedido_express": null, "supervisor": 6, "notificado": false, "alistador": 5, "tienda": 1, "reactivacion": false, "fecha_pedido": "2017-11-09", "num_pedido": "OL_12", "confirmado": true, "entregado": true, "tipo_pago": "EFECTIVO", "motorizado": 8, "activado": true, "observacion": "", "alistado": false, "total": "15000.00", "cliente": 1}, "model": "pedido.pedido", "pk": 12}, {"fields": {"despachado": true, "empresa": 1, "npedido_express": null, "supervisor": 6, "notificado": false, "alistador": 5, "tienda": 1, "reactivacion": false, "fecha_pedido": "2017-11-09", "num_pedido": "OL_13", "confirmado": true, "entregado": true, "tipo_pago": "EFECTIVO", "motorizado": 8, "activado": true, "observacion": "", "alistado": false, "total": "15000.00", "cliente": 1}, "model": "pedido.pedido", "pk": 13}, {"fields": {"item": 1, "valor_total": "12000.00", "valor_unitario": "1000.00", "pedido": 2, "cantidad": "12.00"}, "model": "pedido.itemspedido", "pk": 1}, {"fields": {"item": 1, "valor_total": "240000.00", "valor_unitario": "20000.00", "pedido": 3, "cantidad": "12.00"}, "model": "pedido.itemspedido", "pk": 2}, {"fields": {"item": 1, "valor_total": "450000.00", "valor_unitario": "10000.00", "pedido": 3, "cantidad": "45.00"}, "model": "pedido.itemspedido", "pk": 3}, {"fields": {"item": 1, "valor_total": "640000.00", "valor_unitario": "3200.00", "pedido": 4, "cantidad": "200.00"}, "model": "pedido.itemspedido", "pk": 4}, {"fields": {"item": 1, "valor_total": "35000.00", "valor_unitario": "7000.00", "pedido": 5, "cantidad": "5.00"}, "model": "pedido.itemspedido", "pk": 5}, {"fields": {"item": 1, "valor_total": "40000.00", "valor_unitario": "2000.00", "pedido": 6, "cantidad": "20.00"}, "model": "pedido.itemspedido", "pk": 6}, {"fields": {"item": 2, "valor_total": "1500000.00", "valor_unitario": "300.00", "pedido": 7, "cantidad": "5000.00"}, "model": "pedido.itemspedido", "pk": 7}, {"fields": {"item": 1, "valor_total": "40000.00", "valor_unitario": "400.00", "pedido": 8, "cantidad": "100.00"}, "model": "pedido.itemspedido", "pk": 8}, {"fields": {"item": 1, "valor_total": "12000.00", "valor_unitario": "1200.00", "pedido": 9, "cantidad": "10.00"}, "model": "pedido.itemspedido", "pk": 9}, {"fields": {"item": 2, "valor_total": "75000.00", "valor_unitario": "5000.00", "pedido": 10, "cantidad": "15.00"}, "model": "pedido.itemspedido", "pk": 10}, {"fields": {"item": 2, "valor_total": "25000.00", "valor_unitario": "5000.00", "pedido": 11, "cantidad": "5.00"}, "model": "pedido.itemspedido", "pk": 11}, {"fields": {"item": 1, "valor_total": "15000.00", "valor_unitario": "1000.00", "pedido": 12, "cantidad": "15.00"}, "model": "pedido.itemspedido", "pk": 12}, {"fields": {"item": 2, "valor_total": "10000.00", "valor_unitario": "1000.00", "pedido": 13, "cantidad": "10.00"}, "model": "pedido.itemspedido", "pk": 13}, {"fields": {"item": 2, "valor_total": "5000.00", "valor_unitario": "1000.00", "pedido": 13, "cantidad": "5.00"}, "model": "pedido.itemspedido", "pk": 14}, {"fields": {"despachado": null, "confirmado": null, "pedido": 1, "notificado": null, "creado": "2017-03-24T16:35:30.499Z", "entregado": null, "alistado": null}, "model": "pedido.time", "pk": 1}, {"fields": {"despachado": null, "confirmado": "2017-03-24T16:37:09.268Z", "pedido": 2, "notificado": null, "creado": "2017-03-24T16:36:58.529Z", "entregado": null, "alistado": null}, "model": "pedido.time", "pk": 2}, {"fields": {"despachado": null, "confirmado": "2017-03-24T19:58:31.366Z", "pedido": 3, "notificado": null, "creado": "2017-03-24T19:58:02.954Z", "entregado": null, "alistado": null}, "model": "pedido.time", "pk": 3}, {"fields": {"despachado": "2017-03-24T23:13:33.716Z", "confirmado": "2017-03-24T23:13:04.369Z", "pedido": 4, "notificado": null, "creado": "2017-03-24T22:44:09.681Z", "entregado": "2017-03-24T23:13:37.337Z", "alistado": null}, "model": "pedido.time", "pk": 4}, {"fields": {"despachado": "2017-04-27T21:34:43.483Z", "confirmado": "2017-04-27T21:32:08.878Z", "pedido": 5, "notificado": null, "creado": "2017-04-27T21:31:55.342Z", "entregado": "2017-04-27T21:35:31.883Z", "alistado": null}, "model": "pedido.time", "pk": 5}, {"fields": {"despachado": "2017-05-03T16:13:42.451Z", "confirmado": "2017-05-03T16:12:47.200Z", "pedido": 6, "notificado": null, "creado": "2017-05-03T16:12:29.088Z", "entregado": "2017-05-03T16:19:14.269Z", "alistado": null}, "model": "pedido.time", "pk": 6}, {"fields": {"despachado": "2017-05-04T23:16:06.443Z", "confirmado": "2017-05-04T23:15:23.555Z", "pedido": 7, "notificado": null, "creado": "2017-05-04T23:14:58.431Z", "entregado": "2017-05-04T23:16:29.461Z", "alistado": null}, "model": "pedido.time", "pk": 7}, {"fields": {"despachado": "2017-05-04T23:31:11.764Z", "confirmado": "2017-05-04T23:18:01.326Z", "pedido": 8, "notificado": null, "creado": "2017-05-04T23:17:47.302Z", "entregado": "2017-05-04T23:31:15.573Z", "alistado": null}, "model": "pedido.time", "pk": 8}, {"fields": {"despachado": "2017-05-05T00:04:04.884Z", "confirmado": "2017-05-05T00:03:41.066Z", "pedido": 9, "notificado": null, "creado": "2017-05-05T00:03:31.503Z", "entregado": "2017-05-05T00:05:36.582Z", "alistado": null}, "model": "pedido.time", "pk": 9}, {"fields": {"despachado": "2017-11-09T19:30:48.168Z", "confirmado": "2017-11-09T19:27:20.493Z", "pedido": 10, "notificado": null, "creado": "2017-11-09T19:27:07.896Z", "entregado": null, "alistado": null}, "model": "pedido.time", "pk": 10}, {"fields": {"despachado": "2017-11-09T19:38:03.881Z", "confirmado": "2017-11-09T19:37:51.140Z", "pedido": 11, "notificado": null, "creado": "2017-11-09T19:37:38.248Z", "entregado": "2017-11-09T19:39:07.103Z", "alistado": null}, "model": "pedido.time", "pk": 11}, {"fields": {"despachado": "2017-11-09T19:42:18.188Z", "confirmado": "2017-11-09T19:40:33.281Z", "pedido": 12, "notificado": null, "creado": "2017-11-09T19:40:19.205Z", "entregado": "2017-11-09T19:45:51.083Z", "alistado": null}, "model": "pedido.time", "pk": 12}, {"fields": {"despachado": "2017-11-09T19:54:26.993Z", "confirmado": "2017-11-09T19:53:49.582Z", "pedido": 13, "notificado": null, "creado": "2017-11-09T19:53:29.460Z", "entregado": "2017-11-09T19:58:13.920Z", "alistado": null}, "model": "pedido.time", "pk": 13}, {"fields": {"fecha": "2017-03-24T23:13:37.343Z", "pedido": 4, "imagen": ""}, "model": "pedido.confirmarpedido", "pk": 1}, {"fields": {"fecha": "2017-03-24T23:14:00.281Z", "pedido": 4, "imagen": ""}, "model": "pedido.confirmarpedido", "pk": 2}, {"fields": {"fecha": "2017-04-27T21:35:31.889Z", "pedido": 5, "imagen": ""}, "model": "pedido.confirmarpedido", "pk": 3}, {"fields": {"fecha": "2017-05-03T16:19:14.274Z", "pedido": 6, "imagen": ""}, "model": "pedido.confirmarpedido", "pk": 4}, {"fields": {"fecha": "2017-05-04T23:16:29.466Z", "pedido": 7, "imagen": ""}, "model": "pedido.confirmarpedido", "pk": 5}, {"fields": {"fecha": "2017-05-04T23:31:15.578Z", "pedido": 8, "imagen": ""}, "model": "pedido.confirmarpedido", "pk": 6}, {"fields": {"fecha": "2017-05-05T00:05:36.590Z", "pedido": 9, "imagen": ""}, "model": "pedido.confirmarpedido", "pk": 7}, {"fields": {"fecha": "2017-05-05T00:05:39.990Z", "pedido": 9, "imagen": ""}, "model": "pedido.confirmarpedido", "pk": 8}, {"fields": {"fecha": "2017-05-05T00:06:40.774Z", "pedido": 9, "imagen": ""}, "model": "pedido.confirmarpedido", "pk": 9}, {"fields": {"fecha": "2017-11-09T19:39:07.123Z", "pedido": 11, "imagen": "confirmarpedido/confirmacion-1510256302813.jpeg"}, "model": "pedido.confirmarpedido", "pk": 10}, {"fields": {"fecha": "2017-11-09T19:45:51.088Z", "pedido": 12, "imagen": "confirmarpedido/confirmacion-1510256747784.jpeg"}, "model": "pedido.confirmarpedido", "pk": 11}, {"fields": {"fecha": "2017-11-09T19:58:13.928Z", "pedido": 13, "imagen": "confirmarpedido/confirmacion-1510257483738.jpeg"}, "model": "pedido.confirmarpedido", "pk": 12}, {"fields": {"empresa": 1, "segundo": 15, "distancia": 1000.0, "pedido": 3.0, "retraso": 3.0, "gps": 1.0, "primero": 1}, "model": "pedido.configuraciontiempo", "pk": 1}, {"fields": {"empresa": 1, "cerrartp2": 1, "tirillatp2": 1, "tirillatp1": 1, "cerrartp1": 1, "cancelartp2": 1, "cancelartp1": 1, "descripciontp2": 1, "descripciontp1": 1, "estado": true}, "model": "pedido.configuracionpedido", "pk": 1}, {"fields": {"descripcion": "Se espicho la moto", "nombre": "Espicho Moto", "estado": true, "configuracion": 1}, "model": "pedido.motivocancelacion", "pk": 1}, {"fields": {"descripcion": "ocurrio accidente", "nombre": "Accidente", "estado": true, "configuracion": 1}, "model": "pedido.motivocancelacion", "pk": 2}, {"fields": {"descripcion": "", "nombre": "Trancon", "estado": true, "configuracion": 1}, "model": "pedido.motivocancelacion", "pk": 3}, {"fields": {"action_flag": 1, "action_time": "2017-03-13T15:02:06.464Z", "object_repr": "Cartagena", "object_id": "1", "change_message": "", "user": 1, "content_type": 7}, "model": "admin.logentry", "pk": 1}, {"fields": {"action_flag": 1, "action_time": "2017-03-22T22:20:38.463Z", "object_repr": "Express Del Norte", "object_id": "1", "change_message": "", "user": 1, "content_type": 9}, "model": "admin.logentry", "pk": 2}, {"fields": {"action_flag": 1, "action_time": "2017-03-22T22:26:41.440Z", "object_repr": "admExpress", "object_id": "2", "change_message": "", "user": 1, "content_type": 12}, "model": "admin.logentry", "pk": 3}, {"fields": {"action_flag": 2, "action_time": "2017-03-22T22:38:32.335Z", "object_repr": "Olimpica", "object_id": "1", "change_message": "Modificado/a first_name.", "user": 1, "content_type": 9}, "model": "admin.logentry", "pk": 4}, {"fields": {"action_flag": 1, "action_time": "2017-05-04T23:28:38.151Z", "object_repr": "Olimpica", "object_id": "1", "change_message": "", "user": 1, "content_type": 33}, "model": "admin.logentry", "pk": 5}, {"fields": {"action_flag": 1, "action_time": "2017-05-04T23:30:35.617Z", "object_repr": "Trancon", "object_id": "3", "change_message": "", "user": 1, "content_type": 34}, "model": "admin.logentry", "pk": 6}, {"fields": {"action_flag": 2, "action_time": "2017-05-10T02:05:49.128Z", "object_repr": "Olimpica", "object_id": "1", "change_message": "Modificado/a cerrartp1, cerrartp2, cancelartp1 y cancelartp2.", "user": 1, "content_type": 33}, "model": "admin.logentry", "pk": 7}, {"fields": {"action_flag": 2, "action_time": "2017-11-09T14:10:32.630Z", "object_repr": "admExpress", "object_id": "2", "change_message": "Modificado/a password.", "user": 1, "content_type": 4}, "model": "admin.logentry", "pk": 8}, {"fields": {"action_flag": 2, "action_time": "2017-11-09T15:42:15.966Z", "object_repr": "vpadillar", "object_id": "7", "change_message": "Modificado/a password.", "user": 1, "content_type": 4}, "model": "admin.logentry", "pk": 9}, {"fields": {"action_flag": 2, "action_time": "2017-11-09T15:52:39.430Z", "object_repr": "vpadillar", "object_id": "7", "change_message": "Modificado/a password.", "user": 1, "content_type": 4}, "model": "admin.logentry", "pk": 10}]